<?xml version="1.0" encoding="UTF-8"?>
<project-private xmlns="http://www.netbeans.org/ns/project-private/1">
    <editor-bookmarks xmlns="http://www.netbeans.org/ns/editor-bookmarks/2" lastBookmarkId="0"/>
    <open-files xmlns="http://www.netbeans.org/ns/projectui-open-files/2">
        <group>
            <file>file:/D:/Praktikum-PBO/Shape2D/src/shape2d/Shape2D.java</file>
            <file>file:/D:/Praktikum-PBO/Shape2D/src/shape2d/Shape.java</file>
            <file>file:/D:/Praktikum-PBO/Shape2D/src/shape2d/LimasSegitigaSamaSisi.java</file>
            <file>file:/D:/Praktikum-PBO/Shape2D/src/shape2d/Main.java</file>
            <file>file:/D:/Praktikum-PBO/Shape2D/src/shape2d/Lingkaran.java</file>
            <file>file:/D:/Praktikum-PBO/Shape2D/src/shape2d/Rumus.java</file>
            <file>file:/D:/Praktikum-PBO/Shape2D/src/shape2d/Menghitung.java</file>
            <file>file:/D:/Praktikum-PBO/Shape2D/src/shape2d/Segitiga.java</file>
        </group>
    </open-files>
</project-private>
